<?xml version="1.0" encoding="UTF-8" ?>
<!DOCTYPE struts PUBLIC
"-//Apache Software Foundation//DTD Struts Configuration 2.0//EN"
"http://struts.apache.org/dtds/struts-2.0.dtd">
 
<struts>
 	<constant name="struts.devMode" value="true" />
 	
	<package name="default" namespace="" extends="struts-default">
		
		<action name="userAction" 
			class="com.mkyong.user.action.UserAction" >
			<result name="success">pages/user.jsp</result>
		</action>
		
		<action name="userSpringAction" 
			class="userSpringAction" >
			<result name="success">pages/user.jsp</result>
		</action>
		
	</package>
	
	
</struts>