<?xml version="1.0" encoding="UTF-8"?>
<!DOCTYPE struts-config PUBLIC 
"-//Apache Software Foundation//DTD Struts Configuration 1.3//EN" 
"http://jakarta.apache.org/struts/dtds/struts-config_1_3.dtd">
 
<struts-config>
	
	<form-beans>
		<form-bean name="userForm" type="com.cap.user.form.UserForm" />	
	</form-beans>
	
	<action-mappings>

	 	<action
			path="/Register"
			type="com.cap.user.action.UserAction"
			name="userForm"
			input="/pages/RegisterUser.jsp"
			>
 
			<forward name="success" path="/pages/ThanksYou.jsp"/>
 
		</action>

		<action
			path="/RegisterUserPage"
			type="org.apache.struts.actions.ForwardAction"
			parameter="/pages/RegisterUser.jsp"/>
		
	</action-mappings>
	
	<message-resources
		parameter="com.cap.user.properties.user" />
	
	
	<plug-in className="org.apache.struts.validator.ValidatorPlugIn" >
		<set-property property="pathnames"
		value="/WEB-INF/validator-rules.xml, /WEB-INF/validator-user.xml"/>
		
	</plug-in>

</struts-config>