<?xml version="1.0" encoding="UTF-8"?>
<!DOCTYPE struts-config PUBLIC
       "-//Apache Software Foundation//DTD Struts Configuration 1.1//EN"
       "http://jakarta.apache.org/struts/dtds/struts-config_1_1.dtd">          
  
<struts-config>
    <!-- ========== Form Bean Definitions ================================== -->
    <form-beans>
        <form-bean name="loginForm" type="com.cap.common.form.LoginForm"/>
    </form-beans>
    <!-- ========== Action Mapping Definitions ============================= -->
    <action-mappings>
            <action name="loginForm" path="/Login" type="com.cap.common.action.LoginAction" scope="request" input="/Login.jsp">
                <forward name="failure" path="/Failure.jsp" redirect="true"/>
                <forward name="success" path="/Success.jsp" redirect="true"/>
            </action>
    </action-mappings>
</struts-config>