<?xml version="1.0" encoding="UTF-8" ?>
<!DOCTYPE struts PUBLIC
"-//Apache Software Foundation//DTD Struts Configuration 2.0//EN"
"http://struts.apache.org/dtds/struts-2.0.dtd">

<struts>
	<constant name="struts.devMode" value="true" />
	
	<package name="user" namespace="/" extends="struts-default">
	
		<action name="form" class="com.cap.actions.HomeAction">
			<result name="SUCCESS">WEB-INF/pages/form.jsp</result>
		</action>
		
		<action name="register" class="com.cap.actions.HomeAction"
			method="getDetail">
			<result name="success">WEB-INF/pages/details.jsp</result>
		</action>
		
		<action name="student" class="com.cap.actions.HomeAction"
			method="getStudent">
		
			<result name="success">WEB-INF/pages/student.jsp</result>
		</action>
		
		<action name="teacher" class="com.cap.actions.TeacherAction">
			<result name="success">WEB-INF/pages/teacher.jsp</result>
		</action>
		
	</package>

</struts>