<?xml version="1.0" encoding="UTF-8" ?>

 <!DOCTYPE tiles-definitions PUBLIC
       "-//Apache Software Foundation//DTD Tiles Configuration 1.1//EN"
       "http://jakarta.apache.org/struts/dtds/tiles-config_1_1.dtd">

<tiles-definitions> 


    <definition name="baseLayout" path="/baseLayout.jsp">
        <put name="title"  value="Tiles Example" />
        <put name="header" value="/header.jsp" />
        <put name="menu"   value="/menu.jsp" />
        <put name="body"   value="/body.jsp" />
        <put name="footer" value="/footer.jsp" />        
    </definition>
    <definition name="struts" extends="baseLayout">
        <put name="title" value="Struts Tutorial" />
        <put name="body" value="/struts.jsp" />
    </definition>
    <definition name="hibernate" extends="baseLayout">
        <put name="title" value="Hibernate Tutorial" />
        <put name="body" value="/hibernate.jsp" />
    </definition>
</tiles-definitions>
